idcode,bp1,bp2,bp3,bp4,bp5,pl1,pl2,pl3,pl4,pl5
1,115,86,129,105,127,54,87,93,81,92
2,123,136,107,111,120,92,88,125,87,58
3,124,122,101,109,112,105,97,128,57,68
4,105,115,121,129,137,52,79,71,106,39
6,116,128,112,125,111,70,64,52,68,59
7,108,126,124,131,107,74,78,92,99,80
9,126,132,92,101,121,66,116,69,94,63
12,93,99,118,117,105,55,104,67,110,67
13,110,127,134,98,91,98,62,123,121,117
14,126,110,130,131,120,100,101,100,93,83
15,110,100,110,94,98,84,93,89,92,62
16,98,98,125,97,107,99,55,96,102,84
18,105,129,117,95,133,99,78,100,129,109
19,91,133,108,103,113,92,105,93,96,120
20,107,104,101,96,132,90,106,105,125,110
22,135,139,111,132,124,52,125,59,72,78
23,115,119,92,135,106,56,90,118,99,91
24,123,120,90,124,120,51,120,79,68,52
25,103,139,132,103,127,130,51,111,70,112
36,126,137,103,111,109,74,129,119,53,87
39,92,96,119,109,135,70,53,76,129,116
44,99,101,103,116,95,71,52,98,109,114
45,127,94,103,101,109,54,50,78,68,122
46,102,104,138,109,100,128,105,91,61,70
47,96,100,124,128,96,57,110,103,62,120
48,115,128,133,97,131,81,108,60,61,66
50,125,111,102,115,94,93,115,127,125,108
51,129,101,134,129,104,75,122,93,127,53
54,92,131,97,105,90,110,51,113,77,117
57,110,110,99,135,108,77,91,55,94,65
62,136,113,130,100,93,71,57,52,110,77
63,94,123,129,96,137,67,85,55,57,99
64,133,96,127,91,120,52,111,68,107,111
66,113,136,106,137,98,61,77,73,107,51
67,118,126,122,98,97,71,70,117,127,75
70,105,115,130,97,133,119,107,71,79,70
71,117,139,137,138,116,66,80,56,53,74
72,121,99,113,93,100,114,87,85,109,101
73,108,121,136,117,121,102,53,77,86,80
75,107,120,122,92,115,96,117,118,96,67
78,130,137,130,135,113,90,112,103,76,114
80,134,104,108,125,112,123,53,74,68,98
85,102,109,115,136,124,66,122,101,93,102
86,125,90,100,127,90,56,119,75,65,73
103,106,97,116,124,97,58,127,67,83,81
104,108,130,140,133,115,93,121,99,122,117
105,139,112,131,102,102,96,66,109,74,120
106,136,102,94,112,127,52,55,125,97,52
107,122,113,114,96,93,64,64,52,72,65
110,102,99,117,133,117,53,107,117,63,97
121,137,110,111,98,113,68,55,116,118,78
123,111,105,140,121,113,52,76,122,125,116
126,95,117,122,105,134,115,87,59,73,128
128,108,127,135,105,123,95,85,116,64,58
129,95,95,100,106,90,65,89,72,54,110
130,115,109,133,106,94,122,120,66,106,60
131,115,128,140,121,127,129,56,121,129,127
132,112,93,98,107,98,59,55,117,89,74
134,124,93,136,118,121,99,114,76,80,99
137,138,116,108,130,96,91,100,102,121,126
139,104,101,128,117,92,122,69,87,93,102
141,116,102,115,124,93,126,104,105,67,71
142,131,112,100,132,104,59,123,99,90,127
143,121,117,93,133,96,114,86,93,84,113
144,132,98,138,134,92,99,121,101,104,111
147,97,109,135,92,118,89,50,107,110,100
152,107,126,98,111,112,98,94,99,57,105
159,132,121,105,101,130,118,113,118,115,80
166,102,106,136,106,132,51,77,87,90,60
167,115,100,121,90,120,86,75,77,55,76
168,97,129,115,93,125,90,122,91,120,74
169,135,118,131,125,115,81,107,118,75,89
172,91,109,114,95,91,128,63,93,101,126
173,104,121,92,122,129,81,83,72,77,61
176,113,116,123,108,136,55,69,112,102,81
183,108,117,124,139,104,119,115,53,56,63
184,126,136,108,105,96,115,101,68,60,89
188,119,107,123,128,136,62,60,82,114,130
195,109,131,96,114,92,105,97,85,104,98
202,103,103,92,123,108,109,103,79,61,115
203,136,118,112,104,105,67,122,93,93,127
204,132,119,104,98,133,123,60,101,70,69
206,111,129,132,110,92,126,72,99,56,54
207,112,95,137,100,120,123,130,88,90,56
210,98,126,120,95,132,62,126,58,82,130
213,135,106,103,98,93,109,122,66,96,74
215,138,101,124,107,131,105,63,63,51,122
218,129,120,104,125,97,100,96,86,59,92
219,113,126,121,125,115,93,121,92,63,78
221,101,108,116,126,134,50,73,127,95,82
223,99,128,126,100,97,118,105,122,128,126
224,107,122,90,99,140,105,54,51,104,118
225,120,111,113,104,132,78,60,127,98,106
226,111,125,120,109,102,126,125,60,87,65
227,110,111,109,108,110,121,108,68,110,111
228,137,123,99,119,99,106,118,98,56,65
231,117,107,134,124,137,117,112,67,77,85
233,102,97,91,98,104,82,59,105,53,52
236,138,101,105,91,133,106,74,56,61,96
237,93,99,106,91,110,129,91,78,117,116
242,95,136,128,114,129,109,126,80,71,74
243,108,121,94,118,126,61,63,81,62,53
244,140,123,114,106,127,119,127,81,130,56
245,116,117,94,125,136,124,77,70,54,118
250,102,122,120,108,110,93,59,85,127,87
254,101,127,133,119,101,107,111,127,97,66
255,120,136,140,116,133,124,125,116,129,54
257,125,130,100,115,91,70,94,75,95,68
260,93,124,125,123,134,84,113,112,93,80
261,90,140,90,105,123,118,77,92,108,67
262,101,103,105,110,100,56,104,54,54,90
265,138,136,110,99,122,100,57,117,129,122
269,104,130,114,104,136,105,83,67,95,85
270,123,103,124,128,128,93,71,113,94,59
271,118,107,118,97,95,110,126,114,64,50
273,126,129,112,103,99,105,128,53,113,101
275,96,106,96,115,101,65,90,70,74,87
276,131,125,139,119,115,109,90,110,63,119
279,111,121,131,109,130,105,102,53,104,116
285,128,100,95,108,96,130,119,106,80,107
287,113,134,103,131,113,70,92,74,52,59
289,111,93,123,95,131,72,94,60,72,111
291,98,104,136,138,101,76,79,103,56,125
294,107,133,122,121,91,87,129,95,122,102
296,118,106,116,133,123,73,99,113,96,107
298,108,98,128,107,96,113,74,72,114,122
299,122,97,139,119,122,94,71,58,83,107
301,110,100,138,94,139,92,66,87,80,66
305,104,121,138,124,105,93,105,56,124,98
306,94,95,105,97,126,57,102,116,121,110
307,123,111,104,137,128,101,82,84,119,64
308,95,135,135,115,117,79,104,116,111,85
312,131,128,132,135,104,94,88,94,91,58
315,123,93,115,96,92,85,79,127,73,73
319,109,125,107,133,112,67,121,69,99,114
322,93,121,102,95,120,101,99,112,54,75
324,104,98,98,139,135,72,70,58,60,96
325,116,104,130,135,117,60,77,76,94,109
327,117,102,102,115,98,82,89,70,76,52
329,120,126,127,121,90,107,121,79,73,83
330,94,123,95,107,138,115,70,106,68,58
331,113,109,99,129,106,120,66,74,112,80
332,103,103,97,113,105,122,96,67,80,73
333,92,96,114,99,116,54,96,58,90,121
338,136,92,90,100,138,102,81,93,70,106
341,100,126,140,110,132,101,88,58,67,122
345,93,95,90,102,111,84,71,56,74,130
347,90,94,111,90,117,67,94,94,83,82
350,124,120,131,104,124,95,107,121,59,62
352,128,113,135,127,96,92,62,82,72,86
354,132,126,125,136,102,93,57,64,107,113
356,105,136,101,134,109,105,73,104,61,56
358,112,107,90,127,124,57,52,107,116,74
359,135,101,137,125,139,85,56,82,126,121
360,90,139,137,138,131,68,61,83,125,56
363,99,135,104,98,126,83,80,99,86,96
367,128,99,133,91,92,75,65,59,70,115
376,95,116,93,111,107,75,113,50,53,80
377,119,140,137,111,118,125,70,105,90,66
379,129,116,106,106,109,119,61,128,115,81
382,140,112,140,100,126,130,68,126,80,91
384,126,119,137,123,106,103,67,98,55,124
389,106,132,128,131,96,94,73,50,79,119
392,125,131,121,95,136,110,57,104,88,129
395,131,125,106,96,133,108,52,112,103,67
396,115,128,120,127,123,115,101,124,96,50
397,109,110,125,94,132,97,96,81,93,70
398,92,125,93,117,123,123,65,53,93,126
399,110,117,138,100,110,65,54,116,110,57
402,135,123,99,95,96,77,51,89,79,94
403,117,120,101,109,140,57,102,66,97,62
406,132,138,106,140,127,67,126,107,79,67
407,109,133,101,123,132,55,75,94,83,103
409,123,134,112,102,97,93,94,76,84,111
410,123,138,118,103,131,111,114,97,96,102
414,130,94,112,119,90,87,72,79,79,118
415,140,94,92,115,137,85,130,75,119,116
417,111,138,128,120,119,79,64,86,119,100
419,115,129,140,115,108,100,77,127,94,101
422,135,136,106,122,128,103,129,82,70,96
423,110,106,95,104,119,78,76,94,116,103
425,90,103,105,108,106,111,122,101,117,81
426,92,135,109,106,117,54,78,91,80,105
429,139,136,106,101,92,110,80,127,93,105
431,122,95,129,137,105,80,128,82,122,123
432,122,119,93,126,102,127,128,87,63,82
433,118,121,138,105,121,57,115,120,66,57
434,127,101,133,140,95,82,122,70,90,57
436,120,96,127,134,121,87,96,84,76,84
440,115,99,139,91,127,113,130,56,64,104
441,136,108,97,138,90,97,87,107,52,98
443,113,113,114,94,99,97,101,128,130,126
447,114,91,100,107,132,71,109,94,58,116
448,135,91,127,95,125,128,89,56,121,100
449,119,91,115,97,104,104,86,63,96,79
450,105,137,101,125,133,124,113,58,103,89
451,113,137,127,113,136,79,113,93,128,84
455,113,133,104,119,131,111,75,120,58,51
456,96,132,99,126,135,85,52,80,91,94
457,110,130,97,137,118,61,103,71,73,83
459,140,95,126,127,126,96,66,75,66,104
460,125,136,113,110,94,74,129,123,82,112
467,109,91,120,102,93,54,76,86,94,100
469,136,103,120,100,121,113,67,92,103,102
474,102,118,111,113,127,102,130,115,59,70
477,137,92,123,106,96,74,100,128,124,66
478,109,113,121,98,123,85,55,98,79,59
481,129,99,109,111,109,98,85,83,91,84
483,123,123,125,107,95,108,77,100,90,60
485,130,127,101,109,117,117,113,115,115,54
486,125,123,107,104,140,52,118,97,55,92
487,139,106,120,118,99,82,103,112,102,83
488,123,98,97,93,92,64,67,119,109,87
492,129,114,122,124,109,80,105,77,114,124
495,121,109,91,137,133,75,116,77,97,115
496,116,133,112,134,90,56,90,100,57,104
499,138,90,120,138,135,119,116,87,73,73
504,93,94,113,118,124,91,77,73,78,113
505,133,96,108,117,93,71,109,62,89,117
507,103,98,125,124,133,52,112,91,69,68
510,123,112,92,94,134,50,81,102,84,74
516,114,99,130,123,92,106,91,121,77,50
518,134,90,114,138,110,68,107,94,126,129
519,97,99,99,99,102,87,125,97,75,64
521,101,138,103,121,124,129,51,68,85,75
522,107,137,123,115,131,95,52,99,109,108
524,139,106,101,130,100,130,52,96,72,66
526,121,121,115,94,104,54,123,105,107,122
531,96,123,120,94,92,85,107,50,57,64
533,115,137,120,130,127,108,123,56,81,88
538,133,91,101,101,115,77,108,80,75,113
540,121,136,137,139,133,127,122,50,123,96
541,107,136,136,112,128,105,130,117,59,119
543,117,139,93,96,113,59,130,106,123,101
548,121,114,138,118,122,99,119,116,61,108
549,127,138,109,114,117,98,121,52,57,125
551,91,129,128,115,131,116,106,105,88,63
555,126,136,136,123,139,87,80,106,116,71
558,136,105,99,90,116,112,86,92,67,95
562,110,136,128,122,131,117,83,84,84,65
570,103,135,97,109,108,76,80,90,123,71
572,120,92,128,113,105,81,84,105,103,130
576,99,135,96,105,100,116,55,99,50,124
584,98,117,114,102,129,121,87,81,84,114
585,130,113,129,92,116,89,129,85,56,110
588,107,117,97,97,122,94,60,112,120,102
595,98,110,137,114,125,113,91,128,99,56
604,102,104,133,101,93,68,66,88,105,87
606,102,95,133,124,106,90,64,74,107,72
608,128,119,124,123,136,71,110,99,84,80
609,137,120,94,122,105,78,65,57,50,74
614,123,122,99,134,124,116,92,117,76,61
617,138,109,99,126,96,63,88,110,75,118
618,121,96,93,134,100,103,69,118,115,77
624,118,117,108,110,117,104,95,87,73,122
635,98,102,101,105,123,106,121,117,113,78
636,127,114,115,138,109,57,80,76,73,54
641,139,129,99,97,94,81,56,50,107,94
643,90,92,101,123,121,72,86,65,78,62
644,91,123,97,120,108,73,99,66,65,127
646,119,91,104,98,110,108,58,83,55,117
654,111,110,92,100,133,106,117,90,83,72
655,140,117,121,135,116,80,71,98,70,93
656,140,99,111,119,90,119,100,100,108,126
659,100,100,96,99,121,115,112,107,75,92
661,139,93,105,126,92,120,50,101,98,78
664,137,125,92,112,135,79,109,94,73,110
665,102,99,140,135,108,92,125,84,65,83
670,107,135,105,106,107,105,111,128,69,62
671,113,90,134,129,102,117,123,100,117,103
681,117,98,118,101,107,112,92,116,58,82
683,101,129,101,117,99,51,111,121,56,75
684,103,132,105,135,92,77,106,75,64,119
688,93,128,104,137,137,126,121,129,101,53
689,93,137,99,117,130,55,50,92,97,64
690,103,140,99,106,105,117,72,76,94,71
691,101,124,131,123,119,60,62,63,124,116
692,99,101,138,111,116,123,74,52,57,98
693,105,127,118,129,93,77,118,86,109,109
694,131,131,121,93,90,83,113,56,85,108
696,132,120,126,124,112,62,70,78,87,124
697,115,116,123,92,120,60,93,108,110,120
699,118,117,91,113,95,72,107,94,110,81
714,114,102,97,109,121,51,52,79,101,76
716,96,92,133,138,96,91,128,58,127,58
718,117,118,104,99,129,64,130,54,115,97
719,102,125,124,113,90,80,69,122,97,84
722,103,111,92,135,131,109,121,104,97,82
724,122,117,105,136,133,61,61,121,101,95
727,132,92,98,115,90,127,76,118,81,129
730,109,131,124,94,118,129,75,63,104,97
731,112,126,107,112,125,76,78,89,110,90
732,120,98,97,131,139,70,58,58,53,71
737,92,101,133,139,129,71,56,94,69,53
745,112,115,126,108,130,88,82,120,71,86
748,117,119,137,99,105,66,74,117,89,127
749,128,131,110,118,124,118,80,79,109,130
750,137,92,100,109,90,63,116,74,53,72
754,122,93,123,139,93,89,62,67,80,54
757,139,102,98,104,127,127,52,67,50,77
761,105,122,113,138,106,61,130,74,78,104
762,96,99,90,117,105,84,88,90,113,76
763,101,136,114,127,138,83,116,79,95,67
764,93,121,103,101,112,64,75,109,97,108
768,93,110,115,99,104,91,99,116,58,59
769,140,101,105,127,116,60,63,68,125,63
770,103,113,121,123,118,123,114,55,120,110
771,132,133,123,135,115,70,112,66,129,53
773,109,109,118,93,129,83,108,80,66,124
779,105,122,105,94,90,106,75,66,125,84
781,133,126,133,95,130,52,74,59,72,102
784,103,129,122,105,122,73,88,50,128,83
785,99,139,98,117,104,62,74,118,93,95
790,127,92,101,136,131,72,87,50,81,69
792,90,113,130,101,117,79,114,117,122,71
793,91,139,133,118,121,118,118,52,124,128
795,97,106,102,125,136,123,82,73,96,53
796,121,103,131,103,136,115,75,72,109,121
798,117,117,101,118,116,124,52,56,61,109
800,127,124,119,102,138,81,86,110,81,62
802,116,119,129,123,115,108,114,83,117,63
808,118,91,122,100,107,115,112,109,75,114
809,111,124,132,115,137,128,53,103,68,80
810,139,113,100,113,117,71,87,79,80,54
813,120,118,117,122,113,105,126,84,89,106
816,92,125,122,91,129,73,83,123,79,51
817,129,126,111,97,99,124,55,63,67,126
823,133,138,116,138,97,108,110,70,114,104
824,105,131,131,136,135,111,80,59,102,86
825,109,94,93,97,137,107,107,73,56,88
826,129,122,90,94,114,85,125,61,100,80
827,96,122,102,98,119,128,56,94,66,95
830,135,125,119,110,114,94,82,117,122,75
831,116,115,132,115,127,119,118,68,105,128
834,103,110,120,118,124,55,87,72,130,73
836,100,110,104,104,132,63,51,113,97,80
837,131,101,105,124,124,113,125,114,91,117
839,114,92,137,96,134,87,129,96,130,65
842,119,136,138,95,99,95,129,129,117,94
843,113,122,99,125,91,108,62,87,88,127
845,96,117,104,111,122,52,75,93,69,107
846,129,111,120,113,122,96,61,86,124,97
851,136,113,110,102,116,60,80,124,63,121
855,136,131,107,93,130,116,66,59,111,123
856,115,113,109,133,131,85,93,116,82,75
857,131,115,106,95,108,123,65,113,129,58
859,126,136,129,94,125,97,65,75,82,93
860,97,123,99,121,116,76,122,108,108,99
867,95,113,115,130,120,127,104,68,104,87
868,116,110,129,129,133,104,113,124,52,118
870,105,96,123,101,111,98,107,53,94,99
872,112,136,136,129,138,89,87,76,65,53
874,98,129,139,138,121,125,70,58,101,124
877,93,125,134,137,104,128,127,120,55,107
878,121,115,116,134,133,123,98,90,113,113
880,124,100,100,110,135,55,74,89,95,59
881,114,99,116,138,94,116,97,73,98,90
882,110,132,99,111,103,86,97,84,108,57
884,139,135,134,133,134,117,128,88,84,59
888,114,109,135,128,118,103,77,83,84,120
889,122,101,93,109,131,73,89,86,66,70
891,133,92,138,120,133,57,68,63,53,54
895,95,112,130,105,103,94,80,61,58,78
898,114,91,130,96,105,70,64,124,63,114
899,93,137,106,124,130,90,119,101,97,67
900,128,116,128,128,130,117,116,120,105,59
901,131,127,104,119,139,101,128,51,87,89
902,132,125,115,127,93,120,97,88,70,50
904,121,116,129,102,110,97,74,72,130,100
907,95,107,95,99,109,109,130,56,69,94
908,112,99,129,136,90,118,130,95,107,64
909,130,136,126,90,136,61,111,52,68,92
910,122,109,107,123,138,121,107,109,83,112
911,96,115,116,95,114,92,128,75,128,50
916,106,126,136,113,136,76,82,74,65,57
920,138,133,112,96,121,51,53,127,116,73
925,126,119,100,96,106,82,61,99,79,129
929,133,126,91,139,100,58,65,110,81,99
932,129,105,91,113,122,113,111,95,105,111
933,132,118,112,93,136,61,111,68,104,82
934,131,118,100,117,139,96,86,66,110,101
935,132,97,122,94,100,77,76,127,69,69
938,98,96,118,94,112,81,117,70,99,64
940,91,97,138,111,123,115,55,130,81,76
942,101,104,132,116,98,64,113,94,92,110
943,112,103,128,91,124,116,69,123,90,106
947,118,95,122,110,139,113,92,89,61,89
948,128,138,120,135,105,102,103,74,110,81
949,137,92,109,106,125,84,118,118,53,78
950,101,120,110,112,103,87,94,71,67,69
951,125,115,131,137,94,94,68,100,78,53
953,98,110,97,95,102,50,93,73,61,114
955,114,133,92,115,134,122,50,94,98,63
956,131,101,138,92,123,92,61,55,64,75
957,140,102,108,113,108,113,96,52,129,81
958,140,123,127,131,133,74,66,106,106,96
960,103,125,92,106,133,121,78,97,122,66
961,125,118,100,120,94,80,75,120,126,100
964,110,107,135,93,104,100,105,95,77,126
965,101,91,121,103,95,58,122,79,73,95
966,133,132,125,111,117,107,95,121,116,90
968,111,140,126,95,121,130,78,83,108,58
969,115,112,118,90,127,105,116,124,88,94
972,116,113,111,118,125,93,78,110,96,120
975,116,93,118,118,93,88,91,128,81,93
977,130,114,93,118,140,119,115,81,103,111
978,100,94,90,97,112,59,121,124,100,124
979,127,138,131,130,117,83,120,65,60,108
980,90,126,128,91,113,87,63,64,100,84
981,101,97,119,116,125,106,104,114,92,100
983,95,93,140,135,103,96,90,80,67,103
984,90,97,138,135,119,115,72,97,100,113
987,99,93,139,98,138,130,117,119,123,130
988,105,133,138,128,118,77,127,116,73,110
989,90,105,124,136,92,111,61,130,118,97
990,127,139,114,138,136,110,53,128,65,113
991,138,121,111,91,120,53,126,103,111,51
993,124,139,100,137,92,71,71,108,52,80
994,129,96,92,91,140,98,123,83,80,77
996,128,94,135,92,138,96,126,107,115,51
998,111,105,113,126,93,115,98,78,103,73
999,120,94,139,97,126,76,51,87,68,80
1001,125,122,90,106,95,72,117,106,125,66
1006,109,138,95,130,92,95,92,127,56,113
1007,140,127,105,104,91,72,99,76,128,69
1009,111,107,99,108,94,123,98,74,79,81
1011,120,128,137,131,118,56,115,68,79,68
1013,113,98,118,100,114,81,119,93,80,110
1014,101,90,125,95,97,83,97,99,66,63
1015,109,116,122,95,128,115,118,61,58,103
1016,140,126,126,128,119,95,125,73,93,70
1017,96,136,136,105,135,121,82,74,51,128
1018,97,139,114,112,91,103,61,64,113,57
1021,97,102,106,124,136,90,130,98,55,55
1023,108,117,133,130,102,129,78,107,118,60
1025,138,105,91,126,137,127,64,63,73,123
1026,102,131,107,98,97,54,69,95,90,107
1028,100,121,111,140,99,85,77,129,53,93
1029,109,129,100,120,95,51,103,122,51,62
1030,127,131,118,102,91,103,87,75,117,116
1033,98,101,112,124,115,90,86,52,54,122
1034,108,100,120,120,131,127,57,93,87,113
1037,134,110,111,122,119,80,62,53,115,52
1038,109,126,132,110,97,120,56,122,67,74
1040,109,135,101,138,119,110,91,79,101,104
1041,105,126,98,128,101,121,84,75,94,121
1044,103,96,95,112,111,68,67,97,93,91
1045,134,91,101,97,115,125,58,98,103,93
1048,117,130,133,116,102,73,115,94,121,79
1051,107,125,105,96,115,106,73,52,63,65
1055,136,111,107,122,103,83,116,59,127,125
1056,139,114,104,98,132,96,129,106,61,61
1058,111,122,110,117,91,126,106,50,54,91
1060,91,109,90,110,114,121,96,87,61,101
1062,113,106,137,121,104,116,96,118,72,83
1065,130,129,128,121,117,113,66,102,80,130
1066,97,135,90,128,95,100,74,76,70,54
1067,102,125,104,95,91,90,112,115,67,123
1071,99,110,123,101,94,76,81,82,115,127
1072,131,94,119,126,100,77,74,119,51,70
1075,111,116,90,92,108,116,98,76,83,129
1076,114,131,102,124,133,103,91,79,55,128
1077,109,111,90,107,123,58,59,98,114,127
1078,118,100,122,114,139,70,94,96,69,102
1084,99,117,127,91,104,101,62,59,61,104
1085,123,109,129,98,91,123,130,119,111,83
1086,127,102,116,136,94,129,81,122,66,130
1087,115,102,92,135,111,114,117,51,121,124
1091,132,138,101,128,117,126,97,117,64,77
1092,90,131,107,118,139,126,82,58,74,91
1095,127,110,91,121,90,77,60,93,102,57
1099,130,93,91,135,104,67,73,100,62,65
1101,97,139,105,139,96,94,91,97,109,60
1105,122,124,98,140,130,90,76,97,105,58
1106,102,98,90,93,94,98,96,127,74,105
1113,105,101,123,115,139,51,104,96,104,82
1115,97,122,99,117,105,125,101,57,63,98
1116,123,121,93,126,107,50,61,95,105,67
1118,125,140,139,120,104,128,76,54,72,73
1119,98,136,114,120,121,110,130,115,121,129
1120,139,125,105,126,94,100,95,109,63,113
1122,104,127,95,140,94,107,115,68,117,127
1123,139,120,130,100,139,77,71,118,76,129
1125,131,139,126,98,118,109,90,99,75,60
1131,116,130,124,101,136,113,64,108,116,83
1132,115,137,124,123,106,127,128,51,99,56
1133,103,120,140,139,105,120,70,93,118,110
1134,116,132,137,95,93,103,107,103,104,104
1140,124,108,91,117,94,93,113,91,100,123
1141,124,107,117,118,132,72,107,130,100,60
1143,131,126,136,111,134,106,110,55,55,72
1147,120,103,126,116,115,61,72,123,118,116
1148,130,115,134,132,125,71,68,86,104,92
1150,139,119,131,98,137,74,68,63,113,69
1154,126,120,126,123,126,112,121,67,73,95
1155,134,105,112,135,110,89,81,114,111,85
1157,94,97,119,118,122,103,91,77,98,82
1159,124,125,125,137,92,95,102,54,57,97
1162,96,128,122,97,130,122,106,113,111,89
1164,111,110,126,116,109,121,60,90,68,105
1169,123,117,131,90,106,119,89,86,92,102
1171,98,102,130,135,112,92,85,92,107,82
1174,91,114,122,106,103,53,117,97,129,63
1177,127,97,130,93,135,69,84,75,53,81
1181,98,104,136,127,111,71,128,70,107,101
1186,135,138,124,104,139,52,96,108,109,68
1188,120,117,101,108,124,103,78,58,115,122
1196,100,106,134,90,105,88,113,88,123,73
1198,98,101,125,101,110,57,114,73,126,59
1201,100,139,111,110,120,103,127,111,60,123
1203,100,130,93,138,132,111,128,66,81,60
1204,137,97,135,120,133,78,65,85,112,115
1209,101,117,127,132,125,107,111,122,126,50
1213,118,116,100,101,101,74,108,95,115,97
1217,106,97,112,104,90,120,86,65,64,129
1218,123,112,93,133,138,96,71,89,116,108
1219,136,106,114,132,118,121,80,58,75,71
1222,90,134,90,106,92,127,75,76,58,58
1224,107,127,92,113,105,53,113,85,95,96
1227,116,123,98,97,121,82,120,69,82,78
1228,93,115,114,95,106,121,109,114,51,82
1233,127,116,96,91,129,95,111,89,62,71
1238,105,114,103,123,94,120,67,106,81,74
1241,133,128,110,136,117,111,95,97,106,118
1242,118,103,105,128,121,85,71,114,117,57
1243,129,110,110,101,128,75,130,127,128,88
1247,112,109,97,128,119,102,125,66,69,116
1248,99,98,113,119,120,69,74,130,72,101
1250,99,132,135,127,129,89,128,67,88,126
1257,103,97,134,140,93,120,64,109,118,104
1259,139,126,124,117,134,63,128,68,108,118
1263,136,103,125,108,120,67,104,94,121,69
1264,104,117,131,90,133,91,121,66,87,100
1266,127,132,100,122,104,125,69,125,116,64
1269,93,101,96,114,129,74,119,79,125,119
1271,119,123,93,108,109,81,99,124,107,119
1273,106,98,115,139,115,114,107,90,100,64
1275,113,127,127,126,94,74,125,111,78,94
1276,140,105,115,110,117,95,93,116,61,110
1280,117,138,105,93,111,127,123,123,96,55
1283,100,140,117,138,95,106,89,96,75,125
1284,110,91,101,110,132,118,68,108,112,108
1288,92,105,119,140,96,100,90,81,117,61
1289,97,111,126,92,138,55,57,102,78,82
1292,95,134,138,117,99,123,96,82,121,56
1304,133,103,90,134,108,124,108,123,78,97
1309,107,95,126,114,114,68,84,91,52,119
1313,103,98,137,131,112,54,118,93,123,117
1320,118,127,124,118,98,95,120,56,97,90
1322,114,91,100,138,110,97,117,115,94,54
1325,134,128,114,140,129,79,54,77,50,59
1330,134,94,136,109,126,87,89,72,86,120
1339,112,101,124,98,106,105,67,120,59,51
1340,123,128,114,106,113,54,103,84,126,68
1345,95,132,100,103,122,92,92,123,68,107
1349,120,135,128,121,117,82,55,72,78,75
1355,111,95,137,118,126,84,69,83,67,94
1358,104,96,136,131,109,71,129,68,53,87
1361,115,111,107,97,103,71,69,121,107,86
1362,140,123,124,138,117,117,53,65,95,85
1364,105,126,115,138,117,87,81,123,122,129
1366,137,130,134,128,107,61,77,95,102,105
1367,109,119,126,121,121,94,129,110,65,55
1370,139,110,96,136,128,51,78,94,92,77
1371,129,118,122,138,135,107,80,77,66,104
1373,94,132,129,125,104,54,78,98,114,64
1376,94,131,90,96,92,120,91,69,65,63
1379,94,98,133,93,132,85,52,105,89,78
1380,132,117,124,115,98,119,84,95,57,96
1381,127,102,95,131,124,83,51,67,78,69
1384,110,118,122,116,136,62,73,79,117,108
1385,136,116,116,127,116,109,58,116,128,83
1386,94,125,95,123,134,127,50,77,123,89
1389,92,133,102,92,138,91,80,128,68,117
1394,100,112,111,93,125,128,121,77,116,77
1396,113,140,119,138,99,60,114,71,54,129
1398,91,129,104,135,93,113,103,74,95,60
1408,130,119,92,130,128,113,107,116,123,74
1411,131,126,100,140,98,119,52,122,65,91
1415,101,113,123,135,110,119,80,113,107,114
1418,139,90,108,102,131,107,53,73,57,117
1420,90,105,128,136,138,123,56,57,58,115
1426,107,125,106,120,134,81,64,54,69,96
1427,121,117,100,123,109,122,97,108,92,71
1428,140,117,139,128,129,75,106,77,112,122
1434,102,104,130,100,117,61,73,58,109,116
1435,115,94,112,93,125,66,124,51,76,64
1436,130,97,120,139,134,85,65,53,89,116
1437,119,95,121,115,136,81,109,87,111,75
1441,104,127,138,133,124,117,116,123,119,54
1448,110,122,103,100,95,100,116,76,129,126
1453,96,124,127,106,117,61,116,83,117,69
1462,103,98,117,134,125,126,82,53,57,85
1465,122,132,136,125,133,101,124,119,73,97
1469,104,111,104,112,120,89,112,60,84,126
1470,115,135,136,132,112,91,125,130,114,67
1471,101,105,94,100,112,94,55,66,74,113
1475,104,121,91,96,130,59,118,87,55,83
1478,119,140,90,93,95,75,77,80,62,98
1479,123,109,130,111,121,74,73,126,86,91
1480,128,136,131,125,137,115,120,50,58,63
1482,137,94,136,105,109,54,81,57,77,130
1484,108,109,126,117,131,103,112,51,114,72
1486,93,108,119,95,132,51,91,101,69,62
1490,99,118,131,98,122,54,115,105,90,115
1492,127,136,110,114,94,103,119,61,82,124
1494,107,104,115,113,99,105,55,86,91,124
1499,115,109,120,137,133,60,112,129,85,98
1500,125,104,104,123,120,54,74,84,91,126
1505,107,115,119,124,92,95,120,126,83,80
1506,136,103,129,127,135,92,68,62,105,119
1507,90,97,137,127,127,91,77,63,107,86
1508,99,96,92,117,104,121,129,69,81,71
1515,133,94,132,132,130,121,117,102,82,88
1519,106,123,139,125,135,112,126,75,60,79
1520,120,100,140,97,111,91,72,62,64,64
1522,103,127,93,125,90,113,118,125,57,96
1523,102,109,113,92,135,73,61,129,76,64
1525,127,92,102,130,129,62,99,102,98,89
1526,118,101,103,109,128,65,98,53,72,115
1529,103,123,122,125,131,88,90,103,89,101
1530,134,133,134,132,91,94,121,89,83,62
1531,94,117,133,118,119,104,111,74,87,100
1540,117,118,102,131,103,114,83,68,79,118
1542,93,94,130,137,106,101,54,78,98,53
1543,111,130,92,114,114,67,129,130,107,127
1545,113,129,124,110,104,116,111,124,125,67
1557,110,118,112,100,135,78,73,63,70,95
1558,90,103,107,132,97,78,62,101,62,54
1559,138,116,135,126,106,90,109,116,122,55
1561,96,116,135,135,108,55,129,55,82,68
1562,127,95,95,114,133,112,114,61,112,115
1563,126,111,137,130,132,121,123,101,82,121
1564,125,122,90,108,119,59,75,110,122,100
1565,129,138,137,116,98,102,57,106,115,50
1566,135,136,139,139,118,127,103,111,121,61
1572,107,128,114,111,104,125,124,69,68,53
1577,97,115,129,98,137,66,115,84,106,105
1578,99,113,120,120,96,125,51,105,128,128
1580,90,134,96,95,108,88,103,130,55,122
1582,137,132,128,100,126,102,128,51,106,79
1583,113,99,132,135,131,91,85,60,54,85
1585,108,111,135,133,98,68,74,106,115,68
1588,92,92,98,93,121,54,74,119,72,90
1591,97,101,136,100,140,75,101,54,120,69
1595,129,132,133,103,138,61,89,77,98,113
1596,96,119,136,137,127,69,62,91,122,96
1598,139,119,122,136,121,80,55,82,113,69
1599,115,91,112,116,90,104,57,88,75,90
1600,130,127,130,109,122,78,115,50,86,84
1603,127,125,120,126,106,60,64,81,124,116
1604,92,108,131,139,115,127,118,94,76,58
1607,104,107,130,131,133,96,130,95,115,68
1613,138,124,100,90,110,50,61,97,105,92
1614,132,91,140,134,140,109,128,117,86,55
1616,139,139,105,130,94,129,69,85,50,66
1618,114,97,126,137,123,81,73,103,82,67
1620,107,136,121,91,121,94,126,72,121,91
1622,108,99,135,95,96,74,93,79,68,56
1623,100,102,122,123,111,84,121,70,94,62
1624,92,106,101,135,105,87,61,120,80,78
1625,107,125,123,120,115,113,59,101,59,109
1626,94,99,114,135,105,60,92,122,80,113
1628,125,112,98,106,117,111,71,108,51,101
1630,119,109,103,139,93,114,125,75,103,65
1631,94,107,109,117,93,85,100,94,103,55
1635,135,132,95,134,119,127,119,73,83,99
1636,119,91,136,98,100,77,83,129,125,101
1638,92,139,136,97,94,58,103,67,128,79
1641,122,93,128,131,139,56,62,62,106,101
1644,129,138,121,125,140,71,96,65,109,79
1645,125,127,95,138,112,79,90,70,83,115
1646,91,120,119,128,105,88,90,74,56,113
1647,92,129,130,99,106,126,100,90,79,122
1648,95,98,106,133,125,79,104,86,115,87
1649,127,127,117,99,121,69,58,70,130,61
1650,113,137,127,113,120,52,51,52,60,106
1651,116,115,135,107,92,52,101,112,76,54
1653,92,131,113,134,116,105,96,50,118,104
1654,130,126,114,119,125,93,123,127,97,111
1655,99,110,100,96,114,96,77,123,128,62
1656,126,113,115,102,97,94,129,97,71,104
1659,130,121,126,139,106,67,67,85,111,56
1664,128,127,123,139,137,116,96,103,70,74
1669,109,139,125,120,90,108,59,87,81,110
1671,104,105,121,136,103,90,104,110,124,59
1674,102,96,136,130,101,57,105,93,91,123
1675,90,115,133,99,116,112,111,53,117,53
1683,114,90,139,140,100,124,122,53,58,98
1686,124,134,102,132,110,126,107,58,50,81
1688,113,94,135,130,133,105,52,122,74,90
1689,97,94,94,112,101,130,57,115,98,95
1690,93,112,107,114,127,120,78,77,106,71
1691,123,118,112,102,132,91,125,62,65,116
1693,121,90,123,110,93,103,67,130,65,108
1697,136,135,101,135,111,85,64,74,92,68
1701,128,104,118,134,119,99,69,84,86,127
1702,92,90,126,114,105,121,107,105,60,84
1703,94,101,118,93,134,94,126,113,99,96
1707,90,103,115,140,136,91,91,73,117,80
1710,130,108,106,138,104,104,118,105,111,78
1712,120,95,94,120,119,99,99,71,125,121
1713,100,128,135,102,127,82,73,102,115,58
1714,119,99,124,127,131,81,115,77,88,84
1716,100,115,110,136,111,82,77,102,129,100
1719,133,99,134,118,114,97,76,50,93,51
1721,127,134,106,129,113,121,64,106,63,130
1724,107,122,140,120,108,50,66,117,118,94
1725,137,114,117,100,130,119,119,84,51,123
1729,98,108,115,135,112,104,120,117,71,102
1732,102,126,124,111,140,60,107,60,76,90
1737,121,137,121,121,131,62,123,89,107,111
1738,140,130,135,102,98,85,89,72,51,71
1740,137,101,112,126,102,81,123,115,104,94
1742,135,108,135,99,103,107,126,117,89,130
1743,126,120,101,111,97,105,95,102,53,68
1746,104,97,130,97,108,112,86,70,55,63
1748,137,139,125,91,122,74,64,107,95,100
1749,130,92,105,114,135,59,124,84,51,118
1750,101,100,130,115,132,87,58,107,127,123
1752,98,120,95,131,115,88,74,118,50,58
1754,114,126,140,102,139,90,66,55,52,84
1755,90,116,92,116,137,96,98,98,120,67
1758,101,92,103,102,117,118,108,75,86,89
1759,117,107,94,122,106,120,95,84,70,118
1760,125,121,90,101,140,91,122,57,85,95
1761,122,127,96,115,129,108,52,65,65,87
1762,134,122,123,96,94,126,73,96,106,53
1763,118,121,136,103,111,52,111,50,88,71
1764,97,135,117,126,109,91,111,97,82,126
1765,100,123,134,94,136,98,116,58,68,54
1767,115,112,99,131,114,120,98,75,124,109
1769,118,126,138,107,124,120,112,106,50,120
1770,106,101,134,93,131,106,82,81,88,52
1776,106,93,136,129,121,77,52,119,76,66
1777,127,95,140,94,140,80,54,102,108,119
1778,127,104,115,122,90,51,61,54,76,76
1779,130,134,130,98,94,127,55,56,50,127
1780,99,116,94,112,124,106,103,56,118,125
1784,118,131,114,135,115,96,54,115,56,74
1785,90,137,104,139,128,88,124,65,66,106
1786,101,103,107,99,99,107,117,63,118,100
1787,116,138,99,99,113,100,68,56,63,65
1788,99,109,118,97,94,81,79,116,123,119
1790,138,109,123,117,130,112,122,111,95,97
1791,112,94,92,95,137,95,125,114,90,53
1792,121,97,114,130,95,57,113,106,76,70
1796,95,132,117,100,91,88,55,80,120,57
1801,121,110,134,126,129,70,105,56,108,96
1802,94,103,124,97,104,100,65,53,91,84
1804,119,113,131,136,119,61,78,83,107,109
1805,114,129,98,124,140,118,122,54,95,56
1807,95,137,105,94,98,70,123,124,88,91
1810,99,106,92,132,107,61,114,75,97,87
1814,118,122,119,130,133,93,87,54,88,91
1815,128,96,90,134,126,116,124,114,60,98
1817,95,119,134,120,124,108,72,126,55,87
1818,110,120,136,111,124,62,94,104,84,97
1819,105,137,128,107,117,82,93,85,108,104
1822,130,98,100,98,102,129,128,85,80,58
1823,111,135,95,119,129,76,55,96,125,61
1825,120,136,118,140,121,102,78,110,103,50
1826,112,97,117,118,95,63,129,65,96,55
1827,115,136,132,119,94,96,120,127,50,62
1828,120,122,134,129,92,89,53,90,91,127
1829,113,115,102,90,132,70,124,75,83,71
1830,139,93,109,100,107,122,69,116,92,50
1831,131,117,125,111,123,59,128,111,129,57
1833,105,119,132,126,130,107,88,100,126,103
1842,100,135,129,99,130,70,68,118,87,107
1843,111,120,120,109,106,55,55,126,60,103
1845,96,135,112,95,125,98,75,64,104,105
1847,113,117,107,134,132,113,127,57,114,111
1853,112,132,100,112,126,77,52,123,90,124
1854,121,90,106,112,109,125,130,110,114,57
1856,118,135,120,130,106,128,51,77,89,51
1857,123,136,134,97,97,50,92,120,69,71
1858,121,117,96,113,98,89,108,114,126,84
1860,125,108,103,122,131,118,99,64,87,52
1863,108,103,91,95,113,73,94,121,103,57
1864,100,112,112,129,119,116,93,126,103,67
1865,91,97,127,130,121,51,99,127,87,108
1866,104,102,134,127,116,121,119,127,73,104
1867,107,118,106,127,115,123,76,78,119,72
1868,119,137,115,108,119,97,115,100,107,74
1872,107,107,94,100,134,54,91,112,64,83
1873,98,110,133,103,98,125,104,105,121,88
1875,130,136,97,107,110,53,82,99,57,74
1876,131,136,105,92,136,93,125,73,99,112
1878,111,139,109,110,129,129,66,75,122,68
1879,101,124,94,114,130,99,98,95,54,85
1880,98,104,102,101,112,61,77,99,117,70
1881,139,120,98,104,93,82,69,120,88,83
1882,114,116,138,128,137,90,68,63,85,102
1883,91,97,100,126,96,86,50,128,108,83
1884,129,104,101,132,135,76,127,73,111,108
1886,136,113,127,109,95,69,118,113,125,55
1890,140,99,103,103,123,75,126,83,67,78
1891,111,129,104,125,135,56,83,63,124,51
1892,139,114,103,113,133,103,98,77,91,98
1894,127,114,126,94,140,88,79,126,105,71
1895,117,135,112,118,91,81,116,115,85,85
1896,114,135,120,97,93,76,69,107,78,57
1899,110,103,125,134,130,128,117,63,117,83
1905,114,100,104,129,114,71,101,83,73,87
1910,106,109,123,121,93,130,58,113,125,96
1911,115,97,117,104,98,79,95,128,54,51
1915,118,127,95,108,92,116,86,59,85,86
1918,130,126,102,116,134,128,105,105,77,103
1921,134,105,132,111,103,55,115,63,55,129
1925,133,92,102,139,97,116,80,75,90,123
1926,106,98,93,111,140,124,98,78,106,114
1927,93,93,115,130,108,59,121,115,87,107
1928,113,109,119,95,95,124,67,129,102,69
1929,139,103,103,107,129,67,120,87,100,96
1930,124,112,100,121,137,113,67,126,67,62
1932,140,96,96,134,131,104,79,122,126,129
1934,93,94,109,91,122,106,58,74,76,62
1939,111,95,112,105,134,68,70,71,130,64
1941,108,130,132,125,114,110,64,115,94,118
1944,121,132,129,134,108,76,116,82,127,75
1949,105,135,117,138,98,91,112,101,74,57
1951,93,114,104,118,118,96,87,67,108,92
1953,90,117,97,125,102,121,69,101,101,54
1957,130,121,122,127,126,80,118,89,76,113
1958,121,96,139,132,130,57,95,106,58,105
1959,132,99,99,101,93,78,94,112,102,78
1962,128,110,99,128,101,57,99,61,77,66
1964,90,136,113,95,100,91,76,100,58,64
1965,127,119,97,101,90,129,77,59,79,94
1967,118,110,108,133,102,60,128,122,53,76
1968,111,104,115,116,138,126,112,108,59,84
1970,124,97,114,116,114,125,120,120,100,125
1973,129,112,102,129,124,86,92,115,120,82
1974,125,103,92,123,97,112,54,53,112,80
1982,113,95,109,122,124,55,60,88,87,103
1988,97,120,115,90,112,73,77,95,62,97
1989,119,109,126,125,105,72,92,77,109,124
1990,109,136,127,131,114,109,73,91,76,94
1994,93,113,100,94,98,88,92,91,108,102
1995,102,137,103,112,125,107,100,74,106,101
1996,106,92,108,137,131,72,91,79,107,105
1998,91,102,110,123,115,120,122,88,118,55
1999,97,90,111,93,138,98,108,123,129,114
2000,90,90,124,136,115,98,72,60,80,103
2001,98,119,112,135,103,63,110,113,61,110
2005,127,97,129,95,91,118,123,112,117,59
2009,133,125,106,91,129,74,54,115,116,105
2012,112,115,123,136,111,98,64,80,117,74
2013,112,109,98,97,130,126,70,130,63,84
2015,104,136,130,101,95,121,70,87,126,109
2016,124,99,105,131,117,60,111,100,118,76
2022,137,108,113,112,101,53,69,123,88,128
2023,135,102,93,112,121,120,89,68,99,79
2024,128,127,126,133,135,67,90,58,53,54
2025,103,118,129,126,103,100,63,52,65,92
2026,126,119,125,110,126,130,57,116,72,76
2028,127,135,110,100,131,73,51,52,60,127
2031,98,134,117,117,112,116,89,113,95,113
2033,137,114,93,119,118,116,97,109,68,88
2034,105,137,138,136,135,99,111,88,81,52
2036,137,120,94,103,92,75,111,102,74,111
2041,101,91,116,102,112,92,109,107,95,94
2042,128,130,112,128,138,87,113,73,92,103
2045,126,111,127,97,125,97,123,51,53,111
2046,118,111,109,113,116,93,80,123,83,94
2047,104,99,93,112,118,123,99,102,119,59
2048,137,107,122,125,138,99,95,77,105,83
2049,140,93,134,93,131,67,129,51,99,57
2051,128,108,128,110,133,62,91,58,112,53
2055,122,111,134,123,116,72,128,54,117,130
2056,140,119,116,127,126,59,114,117,129,75
2057,119,101,116,119,99,94,107,101,114,117
2058,102,130,118,116,102,57,91,103,84,59
2059,104,124,124,115,139,106,102,114,107,92
2062,129,104,98,137,115,59,121,102,72,52
2065,105,103,109,102,110,114,103,93,80,96
2066,104,123,91,134,130,105,81,113,79,116
2068,106,133,115,121,127,126,79,74,118,93
2073,123,117,113,124,101,112,90,59,55,90
2074,102,104,134,103,121,123,122,117,104,50
2077,139,120,126,100,105,67,89,60,122,85
2079,132,125,108,134,99,122,102,90,120,121
2085,129,140,116,100,104,63,79,74,108,117
2086,120,133,122,132,99,109,89,80,127,51
2087,112,116,122,136,119,110,87,75,113,105
2088,98,112,97,112,100,93,90,73,111,99
2089,118,110,134,131,119,120,107,61,85,112
2092,132,134,93,112,114,93,60,108,113,112
2095,120,129,121,110,111,56,93,110,61,111
2096,107,138,137,126,114,108,68,105,98,119
2099,140,127,124,119,120,110,72,73,56,92
2104,138,130,92,111,133,71,59,55,106,97
2105,115,122,133,137,133,95,51,85,126,85
2106,102,125,132,106,130,108,129,55,125,105
2109,126,90,116,102,95,56,55,69,58,73
2111,92,99,138,90,140,79,85,94,118,118
2112,106,140,140,123,104,61,84,128,100,72
2113,124,139,91,109,124,85,120,94,68,68
2119,97,112,103,93,117,104,98,67,126,56
2121,99,119,100,110,135,78,117,56,54,81
2125,99,111,140,129,125,95,84,125,105,110
2127,122,133,114,127,128,81,103,84,61,65
2129,93,111,112,100,136,123,92,83,73,126
2132,138,123,101,136,106,97,95,86,98,126
2136,138,125,111,105,135,55,57,108,109,114
2139,92,96,126,129,125,127,62,61,107,101
2140,114,100,92,94,125,51,125,95,87,77
2141,127,115,125,92,132,122,93,95,77,106
2142,116,121,125,139,135,100,86,116,126,99
2143,139,110,129,98,134,95,80,69,91,86
2146,127,90,135,121,129,108,53,75,121,99
2147,137,103,138,97,107,64,113,112,84,129
2148,113,108,117,139,92,111,105,99,102,129
2149,132,135,127,125,98,73,119,111,68,95
2151,136,105,131,131,137,127,84,63,59,86
2152,114,133,92,137,110,110,64,98,59,69
2154,97,102,99,138,100,98,126,103,58,68
2157,108,120,98,118,94,82,90,57,108,54
2163,115,103,131,123,131,99,58,85,81,100
2164,136,104,100,125,133,89,117,120,112,116
2165,106,112,105,128,129,78,112,52,55,106
2168,102,116,140,119,114,129,55,90,114,120
2170,110,94,112,118,138,85,101,70,54,63
2171,107,135,110,101,140,128,50,102,52,93
2172,91,137,106,125,124,62,95,91,63,70
2173,140,100,137,130,117,103,53,55,57,90
2175,99,129,104,90,93,62,76,54,89,78
2178,93,110,104,135,105,84,77,74,66,123
2179,92,123,103,97,136,66,90,78,76,86
2180,101,96,119,130,96,124,100,81,102,70
2181,106,98,120,133,101,118,107,66,74,81
2183,121,134,103,112,132,67,101,87,118,86
2186,97,112,115,138,135,73,68,87,82,73
2187,131,139,128,106,99,72,99,118,52,76
2188,105,101,112,117,120,62,125,52,85,98
2189,98,101,126,119,107,51,75,73,64,112
2192,136,130,131,104,132,122,97,128,59,80
2193,136,135,101,125,119,77,73,113,59,110
2196,110,137,113,137,129,90,61,50,60,73
2197,105,101,103,92,111,123,66,67,75,111
2202,122,105,108,120,90,82,81,63,85,68
2204,131,96,101,115,101,61,66,117,98,63
2206,97,105,97,102,140,75,86,114,71,84
2207,97,105,112,107,120,71,101,68,92,129
2209,124,97,96,140,134,107,58,101,80,65
2211,96,92,122,119,127,73,84,118,83,76
2212,133,102,105,138,107,86,127,78,90,76
2218,113,96,133,113,126,99,84,53,60,108
2221,120,106,117,90,140,72,98,64,74,119
2222,111,116,116,120,136,80,85,119,124,130
2223,98,128,94,101,112,106,104,55,110,78
2224,102,133,101,101,133,102,77,102,111,54
2226,133,93,101,99,112,103,82,112,55,89
2227,92,95,114,121,100,71,130,95,126,68
2228,130,109,108,126,120,77,128,126,57,89
2229,111,102,103,133,125,68,96,86,89,96
2230,108,114,137,139,92,128,72,112,51,52
2231,93,135,113,121,128,101,93,105,106,116
2232,98,100,140,115,97,108,89,50,56,103
2235,116,99,99,132,135,76,70,106,60,108
2237,93,94,117,105,105,130,64,105,101,120
2238,109,90,118,108,93,103,88,97,126,59
2241,135,115,125,106,140,76,98,55,74,73
2242,121,97,109,93,110,125,65,88,64,71
2244,120,98,112,104,105,67,51,83,104,112
2249,121,119,126,98,107,104,72,111,56,60
2251,118,109,124,109,110,68,130,124,93,74
2252,125,133,139,96,134,89,68,76,74,52
2254,112,107,104,121,101,114,52,130,80,106
2255,104,131,114,116,105,59,116,96,98,78
2256,133,123,118,114,113,130,81,119,119,123
2257,95,136,139,123,138,104,106,68,110,98
2260,116,105,124,115,107,73,115,86,66,95
2262,137,140,140,121,125,56,98,64,65,85
2265,140,118,96,132,114,51,55,78,93,100
2266,102,118,122,130,122,67,66,91,117,116
2267,92,115,94,125,109,63,80,56,71,93
2271,138,100,121,100,134,84,72,121,86,52
2272,115,103,97,124,94,109,68,64,105,65
2275,109,125,107,131,97,82,69,77,76,69
2278,137,130,139,134,139,79,120,128,109,101
2279,100,140,135,93,118,66,72,99,125,119
2280,92,126,112,131,93,130,126,54,107,120
2284,130,131,107,91,110,117,106,97,105,102
2285,92,112,135,114,129,80,123,128,104,111
2286,125,109,130,95,95,65,66,51,69,73
2291,120,99,101,108,93,126,97,98,110,114
2292,96,139,94,132,117,115,120,97,83,85
2294,107,100,125,112,125,107,77,67,79,89
2299,115,126,106,90,104,81,72,95,100,97
2302,121,139,91,105,118,129,130,114,56,123
2303,93,126,120,101,116,87,70,107,106,130
2319,123,139,136,103,103,86,112,115,114,92
2320,121,106,136,107,100,119,63,74,101,78
2321,135,139,111,111,102,52,108,124,127,85
2323,130,105,132,104,118,106,90,59,114,66
2327,112,107,128,100,126,114,105,98,82,97
2328,130,106,129,131,135,129,101,69,105,101
2333,94,114,136,116,134,51,99,124,87,117
